code,name,time_key,open,close,high,low,pe_ratio,turnover_rate,volume,turnover,change_rate,last_close
US.SPY,标普500ETF-SPDR,2020-03-16 09:45:00,219.294069046,219.030385158,219.303161594,218.912182036,0.0,0.0,953735.0,229648790.378,-10.55621565443269,244.880498696
US.SPY,标普500ETF-SPDR,2020-03-16 10:00:00,218.493924835,223.285697552,225.304243175,215.820715767,0.0,0.0,17671132.0,4326337517.224,1.9427954669076481,219.030385158
US.SPY,标普500ETF-SPDR,2020-03-16 10:15:00,223.303882648,223.16749443,224.458636225,220.512470458,0.0,0.0,11723284.0,2912282986.001,-0.052938062444619884,223.285697552
US.SPY,标普500ETF-SPDR,2020-03-16 10:30:00,223.16749443,223.576659083,224.986004,221.621761295,0.0,0.0,11517159.0,2860691738.105,0.18334419806301394,223.16749443
US.SPY,标普500ETF-SPDR,2020-03-16 10:45:00,223.576659083,228.613930592,229.114020724,223.504009626,0.0,0.0,13497919.0,3390878712.281,2.253039977276863,223.576659083
US.SPY,标普500ETF-SPDR,2020-03-16 11:00:00,228.613930592,228.013822434,230.005090413,227.031827266,0.0,0.0,9336646.0,2360915232.423,-0.26249850848809636,228.613930592
US.SPY,标普500ETF-SPDR,2020-03-16 11:15:00,228.013822434,230.782503254,231.541731,227.504639754,0.0,0.0,9064829.0,2306494834.435,1.2142600788166806,228.013822434
US.SPY,标普500ETF-SPDR,2020-03-16 11:30:00,230.814327172,232.796502603,233.587554266,230.741586789,0.0,0.0,10574617.0,2739318342.822,0.8726828596634875,230.782503254
US.SPY,标普500ETF-SPDR,2020-03-16 11:45:00,232.760132412,229.368612064,233.223852352,228.823059193,0.0,0.0,9168401.0,2350645706.944,-1.472483693127368,232.796502603
US.SPY,标普500ETF-SPDR,2020-03-16 12:00:00,229.368612064,231.068918512,231.096196155,228.704856071,0.0,0.0,5737260.0,1448845816.605,0.7412986601347135,229.368612064
US.SPY,标普500ETF-SPDR,2020-03-16 12:15:00,231.068918512,229.586833212,231.650841574,229.46863009,0.0,0.0,5564236.0,1411225320.078,-0.6414040060186866,231.068918512
US.SPY,标普500ETF-SPDR,2020-03-16 12:30:00,229.614110856,228.568467853,229.814146908,227.31369625,0.0,0.0,5992716.0,1517068375.475,-0.4435643563494968,229.586833212
US.SPY,标普500ETF-SPDR,2020-03-16 12:45:00,228.577560401,228.586652949,230.050553152,227.954720873,0.0,0.0,5106973.0,1290589982.971,0.00795608255628688,228.568467853
US.SPY,标普500ETF-SPDR,2020-03-16 13:00:00,228.586652949,226.377163821,228.823059193,225.349705914,0.0,0.0,8677496.0,2199714915.002,-0.9665871123687001,228.586652949
US.SPY,标普500ETF-SPDR,2020-03-16 13:15:00,226.377163821,228.086562817,228.804874097,225.777055663,0.0,0.0,5858867.0,1462938189.077,0.755111057646974,226.377163821
US.SPY,标普500ETF-SPDR,2020-03-16 13:30:00,228.059285173,226.431719108,228.122933008,226.08620229,0.0,0.0,4658527.0,1163308012.853,-0.7255331872959576,228.086562817
US.SPY,标普500ETF-SPDR,2020-03-16 13:45:00,226.440811656,224.695042469,226.440811656,223.822157875,0.0,0.0,7454223.0,1879839184.634,-0.766975866208784,226.431719108
US.SPY,标普500ETF-SPDR,2020-03-16 14:00:00,224.685949921,224.772329125,225.849796046,223.88580571,0.0,0.0,5160178.0,1283806719.048,0.0343962444167745,224.695042469
US.SPY,标普500ETF-SPDR,2020-03-16 14:15:00,224.767782852,224.204044885,224.831430686,223.076568951,0.0,0.0,6125497.0,1520671525.188,-0.25282660112667327,224.772329125
US.SPY,标普500ETF-SPDR,2020-03-16 14:30:00,224.222229981,224.222229981,224.422266033,222.458275698,0.0,0.0,7097495.0,1755763453.567,0.008110958037944361,224.204044885
US.SPY,标普500ETF-SPDR,2020-03-16 14:45:00,224.226776254,225.131484766,228.259321226,223.831250423,0.0,0.0,12627839.0,3149134555.814,0.4055150040551508,224.222229981
US.SPY,标普500ETF-SPDR,2020-03-16 15:00:00,225.140577313,226.499913217,227.31369625,218.930367132,0.0,0.0,7491602.0,1870648173.713,0.6078352179049208,225.131484766
US.SPY,标普500ETF-SPDR,2020-03-16 15:15:00,226.504459491,224.940541261,228.086562817,224.876893426,0.0,0.0,9120127.0,2282885277.536,-0.6884647035189098,226.499913217
US.SPY,标普500ETF-SPDR,2020-03-16 15:30:00,224.931448713,223.699408479,226.577199874,223.358437935,0.0,0.0,10017877.0,2485846560.185,-0.551760378561506,224.940541261
US.SPY,标普500ETF-SPDR,2020-03-16 15:45:00,223.699408479,223.840342971,223.922175901,219.88963093,0.0,0.0,18482505.0,4528562602.796,0.06300172761218727,223.699408479
US.SPY,标普500ETF-SPDR,2020-03-16 16:00:00,223.831250423,218.084760182,223.949453545,217.130042658,0.0,0.0,42092093.0,10269690409.82,-2.5712893004929365,223.840342971
