code,name,lot_size,stock_type,option_type,stock_owner,strike_time,strike_price,suspension,stock_id,index_option_type,expiration_cycle,option_standard_type,option_settlement_mode
US.SPY260925C500000,SPY 260925 500.00C,100,DRVT,CALL,US.SPY,2026-09-25,500.0,False,507221674,N/A,WEEK,STANDARD,N/A
US.SPY260925P500000,SPY 260925 500.00P,100,DRVT,PUT,US.SPY,2026-09-25,500.0,False,507221299,N/A,WEEK,STANDARD,N/A
US.SPY260925C505000,SPY 260925 505.00C,100,DRVT,CALL,US.SPY,2026-09-25,505.0,False,507219369,N/A,WEEK,STANDARD,N/A
US.SPY260925P505000,SPY 260925 505.00P,100,DRVT,PUT,US.SPY,2026-09-25,505.0,False,507222840,N/A,WEEK,STANDARD,N/A
US.SPY260925C510000,SPY 260925 510.00C,100,DRVT,CALL,US.SPY,2026-09-25,510.0,False,507222871,N/A,WEEK,STANDARD,N/A
US.SPY260925P510000,SPY 260925 510.00P,100,DRVT,PUT,US.SPY,2026-09-25,510.0,False,507220163,N/A,WEEK,STANDARD,N/A
US.SPY260925C515000,SPY 260925 515.00C,100,DRVT,CALL,US.SPY,2026-09-25,515.0,False,507224019,N/A,WEEK,STANDARD,N/A
US.SPY260925P515000,SPY 260925 515.00P,100,DRVT,PUT,US.SPY,2026-09-25,515.0,False,507221122,N/A,WEEK,STANDARD,N/A
US.SPY260925C520000,SPY 260925 520.00C,100,DRVT,CALL,US.SPY,2026-09-25,520.0,False,507223052,N/A,WEEK,STANDARD,N/A
US.SPY260925P520000,SPY 260925 520.00P,100,DRVT,PUT,US.SPY,2026-09-25,520.0,False,507216488,N/A,WEEK,STANDARD,N/A
US.SPY260925C525000,SPY 260925 525.00C,100,DRVT,CALL,US.SPY,2026-09-25,525.0,False,507223190,N/A,WEEK,STANDARD,N/A
US.SPY260925P525000,SPY 260925 525.00P,100,DRVT,PUT,US.SPY,2026-09-25,525.0,False,507222593,N/A,WEEK,STANDARD,N/A
US.SPY260925C530000,SPY 260925 530.00C,100,DRVT,CALL,US.SPY,2026-09-25,530.0,False,507224798,N/A,WEEK,STANDARD,N/A
US.SPY260925P530000,SPY 260925 530.00P,100,DRVT,PUT,US.SPY,2026-09-25,530.0,False,507216061,N/A,WEEK,STANDARD,N/A
US.SPY260925C535000,SPY 260925 535.00C,100,DRVT,CALL,US.SPY,2026-09-25,535.0,False,507220347,N/A,WEEK,STANDARD,N/A
US.SPY260925P535000,SPY 260925 535.00P,100,DRVT,PUT,US.SPY,2026-09-25,535.0,False,507222526,N/A,WEEK,STANDARD,N/A
US.SPY260925C540000,SPY 260925 540.00C,100,DRVT,CALL,US.SPY,2026-09-25,540.0,False,507223579,N/A,WEEK,STANDARD,N/A
US.SPY260925P540000,SPY 260925 540.00P,100,DRVT,PUT,US.SPY,2026-09-25,540.0,False,507224501,N/A,WEEK,STANDARD,N/A
US.SPY260925C545000,SPY 260925 545.00C,100,DRVT,CALL,US.SPY,2026-09-25,545.0,False,507224923,N/A,WEEK,STANDARD,N/A
US.SPY260925P545000,SPY 260925 545.00P,100,DRVT,PUT,US.SPY,2026-09-25,545.0,False,507219628,N/A,WEEK,STANDARD,N/A
